name,local_storage,amazon_s3_storage,azure_storage,s3_compatible_storage,total_appliance_compute_points,total_appliance_dr_cloud_servers,total_appliance_dr_storage,total_appliance_public_ips,total_appliance_storage,total_protected_workloads,total_storage,fc_total_storage,hci_total_cifs_storage,hci_total_compute_points,hci_total_iscsi_storage,hci_total_nfs_storage,hci_total_s3_storage,hci_total_storage,hci_total_vm_provisioned_cpu,hci_total_vm_provisioned_ram,hci_total_vm_storage,hci_total_vtl_storage,omnivoice_minutes,omnivoice_sms,support_portal_customers_using,support_portal_partners_using,server_storage,workstation_storage
Fishhookaccounting,0,0,0,0,0,0,0,0,0,1,100.06891250610352,0,0,0,0,0,0,0,0,0,0,0,0,0,0,0,100.06891250610352,0
Mohammad Saif,0,0,0,0,0,0,0,0,0,1,47.24196243286133,0,0,0,0,0,0,0,0,0,0,0,0,0,0,0,0,47.24196243286133
Nahla,0,0,0,0,0,0,0,0,0,0,11.400367736816406,0,0,0,0,0,0,0,0,0,0,0,0,0,0,0,0,11.400367736816406
Shahrazad,0,0,0,0,0,0,0,0,0,1,0.3050804138183594,0,0,0,0,0,0,0,0,0,0,0,0,0,0,0,0.3050804138183594,0
Zeeshan,0,0,0,0,0,0,0,0,0,1,19.032798767089844,0,0,0,0,0,0,0,0,0,0,0,0,0,0,0,0,19.032798767089844