name,local_storage,amazon_s3_storage,azure_storage,s3_compatible_storage,total_appliance_compute_points,total_appliance_dr_cloud_servers,total_appliance_dr_storage,total_appliance_public_ips,total_appliance_storage,total_protected_workloads,total_storage,fc_total_storage,hci_total_cifs_storage,hci_total_compute_points,hci_total_iscsi_storage,hci_total_nfs_storage,hci_total_s3_storage,hci_total_storage,hci_total_vm_provisioned_cpu,hci_total_vm_provisioned_ram,hci_total_vm_storage,hci_total_vtl_storage,omnivoice_minutes,omnivoice_sms,support_portal_customers_using,support_portal_partners_using,workstation_storage,mailbox_storage,protected_mailbox_storage,unprotected_mailbox_storage,vm_storage
Atlantis Marine Services LLC,869.9978561401367,0,0,0,0,0,0,0,0,1,0,0,0,0,0,0,0,0,0,0,0,0,0,0,0,0,0,0,0,0,0
Blue Wide Shipping Agency LLC,75.0955581665039,0,0,0,0,0,0,0,0,1,0,0,0,0,0,0,0,0,0,0,0,0,0,0,0,0,0,0,0,0,0
Diab Al Anzi Real Estate,1400.697956085205,0,0,0,0,0,0,0,0,1,0,0,0,0,0,0,0,0,0,0,0,0,0,0,0,0,0,0,0,0,0
Fujairah Holidays,13.923324584960938,0,0,0,0,0,0,0,0,1,0,0,0,0,0,0,0,0,0,0,0,0,0,0,0,0,0,0,0,0,0
Hiap Seng Engineering LTD FZC,693.5780067443848,0,0,0,0,0,0,0,0,62,1467.4414100646973,0,0,0,0,0,0,0,0,0,0,0,0,0,0,0,673.024055480957,794.4173545837402,739.100040435791,55.31731414794922,0
Orion Contracting Company,0,0,0,0,0,0,0,0,0,1,0,0,0,0,0,0,0,0,0,0,0,0,0,0,0,0,0,0,0,0,0
St. Mary's Catholic High School ,0,0,0,0,0,0,0,0,0,1,108.185546875,0,0,0,0,0,0,0,0,0,0,0,0,0,0,0,0,0,0,0,108.185546875