name,pg_base_storage,pg_base_workstations,pg_base_servers,pg_base_vms,pg_base_mobiles,pg_base_m365_seats,pg_base_websites,pg_base_gworkspace_seats,pg_base_web_hosting_servers,pg_base_m365_sharepoint_sites,pg_base_m365_teams,pg_pack_adv_backup_workstations,pg_pack_adv_backup_servers,pg_pack_adv_backup_vms,pg_pack_adv_backup_web_hosting_servers,pg_pack_adv_management,pg_pack_adv_security,pg_base_secondary_workstations,pg_base_secondary_servers,pg_base_secondary_vms,pg_base_secondary_web_hosting_servers,pg_base_secondary_m365_seats_shared
Atlantis Marine Services LLC,0,0,0,0,0,0,0,0,0,0,0,0,0,0,0,0,0,0,0,0,0,0
Blue Wide Shipping Agency LLC,0,0,0,0,0,0,0,0,0,0,0,0,0,0,0,0,0,0,0,0,0,0
Diab Al Anzi Real Estate,0,0,0,0,0,0,0,0,0,0,0,0,0,0,0,0,0,0,0,0,0,0
Fujairah Holidays,0,0,0,0,0,0,0,0,0,0,0,0,0,0,0,0,0,0,0,0,0,0
Hiap Seng Engineering LTD FZC,0,0,0,0,0,0,0,0,0,0,0,0,0,0,0,0,0,0,0,0,0,0
Orion Contracting Company,0,0,0,0,0,0,0,0,0,0,0,0,0,0,0,0,0,0,0,0,0,0
St. Mary's Catholic High School ,108.185546875,0,0,1,0,0,0,0,0,0,0,0,0,0,0,0,0,0,0,0,0,0