name,local_storage,amazon_s3_storage,azure_storage,s3_compatible_storage,total_appliance_compute_points,total_appliance_dr_cloud_servers,total_appliance_dr_storage,total_appliance_public_ips,total_appliance_storage,total_protected_workloads,total_storage,fc_total_storage,hci_total_cifs_storage,hci_total_compute_points,hci_total_iscsi_storage,hci_total_nfs_storage,hci_total_s3_storage,hci_total_storage,hci_total_vm_provisioned_cpu,hci_total_vm_provisioned_ram,hci_total_vm_storage,hci_total_vtl_storage,omnivoice_minutes,omnivoice_sms,support_portal_customers_using,support_portal_partners_using,server_storage,assigned_compute_points,vm_storage
APT Global Marine Services LLC,1590.3632545471191,0,0,0,0,0,0,0,0,5,2421.9600791931152,0,0,0,0,0,0,0,0,0,0,0,0,0,0,0,2421.9600791931152,0.005833333333333334,0
B-Connected International ,4060.501220703125,0,0,0,0,0,0,0,0,1,0,0,0,0,0,0,0,0,0,0,0,0,0,0,0,0,0,0,0
Ferrofab FZE,7069.117534637451,0,0,0,0,0,0,0,0,1,0,0,0,0,0,0,0,0,0,0,0,0,0,0,0,0,0,0,0
International Food Resources,457.9348487854004,0,0,0,0,0,0,0,0,1,0,0,0,0,0,0,0,0,0,0,0,0,0,0,0,0,0,0,0
Meirc,0,0,0,0,0,0,0,0,0,2,1154.9368743896484,0,0,0,0,0,0,0,0,0,0,0,0,0,0,0,0,0,1154.9368743896484
Metromac,579.2220268249512,0,0,0,0,0,0,0,0,1,0,0,0,0,0,0,0,0,0,0,0,0,0,0,0,0,0,0,0
Right Health,7201.898868560791,0,0,0,0,0,0,0,0,2,0,0,0,0,0,0,0,0,0,0,0,0,0,0,0,0,0,0,0