name,pg_base_adv_dr_compute_points,pg_base_adv_dr_cloud_servers,pg_base_adv_dr_storage,pg_base_adv_dr_public_ips,pg_base_storage,pg_base_workstations,pg_base_servers,pg_base_vms,pg_base_mobiles,pg_base_m365_seats,pg_base_websites,pg_base_child_storages,pg_base_gworkspace_seats,pg_base_dr_child_storages,pg_base_web_hosting_servers,pg_base_m365_sharepoint_sites,pg_base_m365_teams,pg_base_hosted_exchange,pg_pack_adv_backup_workstations,pg_pack_adv_backup_servers,pg_pack_adv_backup_vms,pg_pack_adv_backup_web_hosting_servers,pg_pack_adv_management,pg_pack_adv_security,pg_base_secondary_workstations,pg_base_secondary_servers,pg_base_secondary_vms,pg_base_secondary_web_hosting_servers,pg_base_child_vcd_infrastructure,pg_pack_adv_email_security,pg_pack_adv_dlp,pg_base_secondary_m365_seats_shared,pg_base_nas,pg_base_secondary_nas,pg_pack_adv_backup_m365_seats,pg_pack_adv_backup_gworkspace_seats,pg_base_fc_storage,pg_base_fc_seats,pg_base_fc_child_storages,pg_pack_adv_fc_notarizations,pg_pack_adv_fc_esignatures
Accel Information Technology,0,0,0,0,0,0,0,0,0,0,0,0,0,0,0,0,0,0,0,0,0,0,0,0,0,0,0,0,0,0,0,0,0,0,0,0,0,0,0,0,0
Al Kendi - Computers,0,0,0,0,0,0,0,0,0,0,0,0,0,0,0,0,0,0,0,0,0,0,0,0,0,0,0,0,0,0,0,0,0,0,0,0,0,0,0,0,0
Al Shams,0,0,0,0,108.185546875,0,0,1,0,0,0,0,0,0,0,0,0,0,0,0,0,0,0,0,0,0,0,0,0,0,0,0,0,0,0,0,0,0,0,0,0
Cloud Solutions,0,0,0,0,0,0,0,0,0,0,0,0,0,0,0,0,0,0,0,0,0,0,0,0,0,0,0,0,0,0,0,0,0,0,0,0,0,0,0,0,0
Gulf InfoTech,0,0,0,0,3742.5671557327732,0,0,0,0,0,0,0,178,0,0,0,0,0,0,0,0,0,0,0,0,0,0,0,0,0,0,0,0,0,0,0,0,0,0,0,0
HOLISTIC SMART CONTRACTING LLC,0,0,0,0,0,0,0,0,0,0,0,0,0,0,0,0,0,0,0,0,0,0,0,0,0,0,0,0,0,0,0,0,0,0,0,0,0,0,0,0,0
Jawad,0,0,0,0,0,0,0,0,0,0,0,0,0,0,0,0,0,0,0,0,0,0,0,0,0,0,0,0,0,0,0,0,0,0,0,0,0,0,0,0,0
JIJI CLOUD,0,0,0,0,0,0,0,0,0,0,0,0,0,0,0,0,0,0,0,0,0,0,0,0,0,0,0,0,0,0,0,0,0,0,0,0,0,0,0,0,0
Magtech Solutions,0,0,0,0,161.58978652954102,3,0,1,0,0,0,0,0,0,0,0,0,0,3,0,0,0,13,16,82,1,0,0,0,0,0,0,0,0,0,0,0,0,0,0,0
Manage IT Africa,0,0,0,0,0,0,0,0,0,0,0,0,0,0,0,0,0,0,0,0,0,0,0,0,0,0,0,0,0,0,0,0,0,0,0,0,0,0,0,0,0
MIT Group,0,0,0,0,0,0,0,0,0,0,0,0,0,0,0,0,0,0,0,0,0,0,0,0,0,0,0,0,0,0,0,0,0,0,0,0,0,0,0,0,0
RHM Computers,0,0,0,0,0,0,0,0,0,0,0,0,0,0,0,0,0,0,0,0,0,0,0,0,0,0,0,0,0,0,0,0,0,0,0,0,0,0,0,0,0
Swift IT,0,0,0,0,0,0,0,0,0,0,0,0,0,0,0,0,0,0,0,0,0,0,0,0,0,0,0,0,0,0,0,0,0,0,0,0,0,0,0,0,0
Vipla Global FZC,0,0,0,0,0,0,0,0,0,0,0,0,0,0,0,0,0,0,0,0,0,0,0,0,0,0,0,0,0,0,0,0,0,0,0,0,0,0,0,0,0
Xofoz,0,0,0,0,0,0,0,0,0,0,0,0,0,0,0,0,0,0,0,0,0,0,0,0,0,0,0,0,0,0,0,0,0,0,0,0,0,0,0,0,0
Xpertise Technology LLC ,0,0,0,0,0,0,0,0,0,0,0,0,0,0,0,0,0,0,0,0,0,0,0,0,0,0,0,0,0,0,0,0,0,0,0,0,0,0,0,0,0