name,pw_base_adv_dr_compute_points,pw_base_adv_dr_cloud_servers,pw_base_adv_dr_storage,pw_base_adv_dr_public_ips,pw_base_storage,pw_base_workstations,pw_base_servers,pw_base_vms,pw_base_mobiles,pw_base_m365_seats,pw_base_websites,pw_base_child_storages,pw_base_gworkspace_seats,pw_base_dr_child_storages,pw_base_web_hosting_servers,pw_base_m365_sharepoint_sites,pw_base_m365_teams,pw_pack_adv_backup_workstations,pw_pack_adv_backup_servers,pw_pack_adv_backup_vms,pw_pack_adv_backup_web_hosting_servers,pw_pack_adv_management,pw_pack_adv_security,pw_base_secondary_workstations,pw_base_secondary_servers,pw_base_secondary_vms,pw_base_secondary_web_hosting_servers,pw_base_child_vcd_infrastructure,pw_pack_adv_email_security,pw_pack_adv_security_edr_d180,pw_pack_adv_dlp,pw_base_secondary_m365_seats_shared,pw_pack_adv_backup_m365_seats,pw_pack_adv_backup_gworkspace_seats
Accel Information Technology,0,0,0,0,0,2,2,0,0,0,0,0,0,0,0,0,0,0,0,0,0,0,0,0,0,0,0,0,0,0,0,0,0,0
Al Kendi - Computers,28.755555555555556,6,1917.3354721069336,4,0,0,48,7,0,110,0,0,0,0,0,0,0,0,7,0,0,7,7,7,0,0,0,0,47,0,7,7,0,0
Al Shams,0,0,0,0,0,4,7,0,0,55,0,0,0,0,0,0,0,0,0,0,0,0,0,1,0,0,0,0,0,0,0,0,0,0
Cloud Solutions,0,3,2736.527973175049,0,0,0,10,3,0,0,0,0,0,0,0,0,0,0,0,0,0,0,0,0,0,0,0,0,0,0,0,0,0,0
Gulf InfoTech,0,0,0,0,0,71,4,21,0,73,0,0,0,0,0,21,0,0,0,2,0,0,0,0,0,0,0,0,0,0,0,0,0,0
HOLISTIC SMART CONTRACTING LLC,0,0,0,0,0,3,8,0,0,0,0,0,0,0,0,0,0,0,0,0,0,0,0,0,0,0,0,0,0,0,0,0,0,0
Jawad,0,0,0,0,0,0,0,0,0,0,0,0,0,0,0,0,0,0,0,0,0,0,0,0,0,0,0,0,0,0,0,0,0,0
JIJI CLOUD,0,0,0,0,0,0,0,0,0,0,0,0,0,0,0,0,0,0,0,0,0,0,0,0,0,0,0,0,0,0,0,0,0,0
Magtech Solutions,0,0,0,0,0,0,0,0,0,0,0,0,0,0,0,0,0,0,0,0,0,0,0,0,0,0,0,0,0,0,0,0,0,0
Manage IT Africa,0,0,0,0,0,0,0,0,0,0,0,0,0,0,0,0,0,0,0,0,0,0,0,0,0,0,0,0,0,0,0,0,0,0
MIT Group,0,0,0,0,0,19,47,6,0,0,0,0,0,0,0,0,0,0,0,0,0,0,0,0,0,0,0,0,0,0,0,0,0,0
RHM Computers,0,0,0,0,0,0,0,0,0,46,0,0,0,0,0,0,0,0,0,0,0,0,0,0,0,0,0,0,0,0,0,0,0,0
Swift IT,0,0,0,0,0,42,0,0,0,16,0,0,0,0,0,1,1,6,0,0,0,150,139,120,6,8,0,0,0,0,0,1,0,0
Vipla Global FZC,0,0,0,0,0,7,5,0,0,0,0,0,0,0,0,0,0,0,1,0,0,0,1,0,0,0,0,0,0,0,0,0,0,0
Xofoz,0,0,0,0,0,10,32,3,0,24,0,0,0,0,0,2,0,0,0,0,0,0,0,0,0,0,0,0,0,0,0,0,0,0
Xpertise Technology LLC ,0,0,0,0,0,6,1,14,0,0,0,0,0,0,0,0,0,0,0,0,0,0,0,0,0,0,0,0,0,0,0,0,0,0