name,local_storage,amazon_s3_storage,azure_storage,s3_compatible_storage,total_appliance_compute_points,total_appliance_dr_cloud_servers,total_appliance_dr_storage,total_appliance_public_ips,total_appliance_storage,total_protected_workloads,total_storage,fc_total_storage,hci_total_cifs_storage,hci_total_compute_points,hci_total_iscsi_storage,hci_total_nfs_storage,hci_total_s3_storage,hci_total_storage,hci_total_vm_provisioned_cpu,hci_total_vm_provisioned_ram,hci_total_vm_storage,hci_total_vtl_storage,omnivoice_minutes,omnivoice_sms,support_portal_customers_using,support_portal_partners_using,server_storage,vm_storage,workstation_storage,mailbox_storage,onedrive_storage,group_site_storage,protected_mailbox_storage,unprotected_mailbox_storage,protected_one_drive_storage,unprotected_one_drive_storage,protected_group_site_storage,google_drive_storage,google_mail_storage,search_index_storage
Areej Vegetable Oils & Derivatives S.A.O.C.,0,0,0,0,0,0,0,0,0,15,2677.957447052002,0,0,0,0,0,0,0,0,0,0,0,0,0,0,0,1259.9524154663086,1418.0050315856934,0,0,0,0,0,0,0,0,0,0,0,0
Kunooz Oman Holdings ,10041.558269500732,0,0,0,0,0,0,0,0,77,743.0754051208496,0,0,0,0,0,0,0,0,0,0,0,0,0,0,0,0,5.235927581787109,737.8342704772949,0,0,0,0,0,0,0,0,0,0,0
Outward Bound Oman,117.70135498046875,0,0,0,0,0,0,0,0,75,2502.879955291748,0,0,0,0,0,0,0,0,0,0,0,0,0,0,0,0,0,0,214.25798797607422,192.7797393798828,2095.842227935791,214.17128372192383,0.08670425415039062,192.75698852539062,0.0227508544921875,2095.842227935791,0,0,0
Takaful Oman Insurance SAOG,0,0,0,0,0,0,0,0,0,178,3742.5671557327732,0,0,0,0,0,0,0,0,0,0,0,0,0,0,0,0,0,0,0,0,0,0,0,0,0,0,46.54258728027344,3675.734062194824,20.290506257675588
Veolia Bahwan,0,0,0,0,0,0,0,0,0,2,237.87009048461914,0,0,0,0,0,0,0,0,0,0,0,0,0,0,0,0,237.87009048461914,0,0,0,0,0,0,0,0,0,0,0,0
Veolia Khazzan,0,0,0,0,0,0,0,0,0,2,182.68204498291016,0,0,0,0,0,0,0,0,0,0,0,0,0,0,0,182.68204498291016,0,0,0,0,0,0,0,0,0,0,0,0,0
Zakher Education Development Company LLC,0,0,0,0,0,0,0,0,0,19,372.46916580200195,0,0,0,0,0,0,0,0,0,0,0,0,0,0,0,0,0,0,371.1808319091797,1.2883338928222656,0,371.1808319091797,0,1.2883338928222656,0,0,0,0,0
Aida Holding,0.00067138671875,0,0,0,0,0,0,0,0,0,0.9407157897949219,0,0,0,0,0,0,0,0,0,0,0,0,0,0,0,0.000827789306640625,0.9398880004882812,0,0,0,0,0,0,0,0,0,0,0,0