name,pw_base_adv_dr_compute_points,pw_base_adv_dr_cloud_servers,pw_base_adv_dr_storage,pw_base_adv_dr_public_ips,pw_base_storage,pw_base_workstations,pw_base_servers,pw_base_vms,pw_base_mobiles,pw_base_m365_seats,pw_base_websites,pw_base_gworkspace_seats,pw_base_web_hosting_servers,pw_base_m365_sharepoint_sites,pw_base_m365_teams,pw_pack_adv_backup_workstations,pw_pack_adv_backup_servers,pw_pack_adv_backup_vms,pw_pack_adv_backup_web_hosting_servers,pw_pack_adv_management,pw_pack_adv_security,pw_base_secondary_workstations,pw_base_secondary_servers,pw_base_secondary_vms,pw_base_secondary_web_hosting_servers,pw_pack_adv_email_security,pw_base_secondary_m365_seats_shared
Areej Vegetable Oils & Derivatives S.A.O.C.,0,0,0,0,0,0,2,13,0,0,0,0,0,0,0,0,0,2,0,0,0,0,0,0,0,0,0
Kunooz Oman Holdings ,0,0,0,0,0,71,0,6,0,0,0,0,0,0,0,0,0,0,0,0,0,0,0,0,0,0,0
Outward Bound Oman,0,0,0,0,0,0,0,0,0,54,0,0,0,21,0,0,0,0,0,0,0,0,0,0,0,0,0
Takaful Oman Insurance SAOG,0,0,0,0,0,0,0,0,0,0,0,0,0,0,0,0,0,0,0,0,0,0,0,0,0,0,0
Veolia Bahwan,0,0,0,0,0,0,0,2,0,0,0,0,0,0,0,0,0,0,0,0,0,0,0,0,0,0,0
Veolia Khazzan,0,0,0,0,0,0,2,0,0,0,0,0,0,0,0,0,0,0,0,0,0,0,0,0,0,0,0
Zakher Education Development Company LLC,0,0,0,0,372.46916580200195,0,0,0,0,19,0,0,0,0,0,0,0,0,0,0,0,0,0,0,0,0,0
Aida Holding,0,0,0,0,0.9407157897949219,0,0,0,0,0,0,0,0,0,0,0,0,0,0,0,0,0,0,0,0,0,0