name,pg_base_adv_dr_compute_points,pg_base_adv_dr_cloud_servers,pg_base_adv_dr_storage,pg_base_adv_dr_public_ips,pg_base_storage,pg_base_workstations,pg_base_servers,pg_base_vms,pg_base_mobiles,pg_base_m365_seats,pg_base_websites,pg_base_gworkspace_seats,pg_base_web_hosting_servers,pg_base_m365_sharepoint_sites,pg_base_m365_teams,pg_pack_adv_backup_workstations,pg_pack_adv_backup_servers,pg_pack_adv_backup_vms,pg_pack_adv_backup_web_hosting_servers,pg_pack_adv_management,pg_pack_adv_security,pg_base_secondary_workstations,pg_base_secondary_servers,pg_base_secondary_vms,pg_base_secondary_web_hosting_servers,pg_pack_adv_email_security,pg_base_secondary_m365_seats_shared
Areej Vegetable Oils & Derivatives S.A.O.C.,0,0,0,0,0,0,0,0,0,0,0,0,0,0,0,0,0,0,0,0,0,0,0,0,0,0,0
Kunooz Oman Holdings ,0,0,0,0,0,0,0,0,0,0,0,0,0,0,0,0,0,0,0,0,0,0,0,0,0,0,0
Outward Bound Oman,0,0,0,0,0,0,0,0,0,0,0,0,0,0,0,0,0,0,0,0,0,0,0,0,0,0,0
Takaful Oman Insurance SAOG,0,0,0,0,3742.5671557327732,0,0,0,0,0,0,178,0,0,0,0,0,0,0,0,0,0,0,0,0,0,0
Veolia Bahwan,0,0,0,0,0,0,0,0,0,0,0,0,0,0,0,0,0,0,0,0,0,0,0,0,0,0,0
Veolia Khazzan,0,0,0,0,0,0,0,0,0,0,0,0,0,0,0,0,0,0,0,0,0,0,0,0,0,0,0
Zakher Education Development Company LLC,0,0,0,0,0,0,0,0,0,0,0,0,0,0,0,0,0,0,0,0,0,0,0,0,0,0,0
Aida Holding,0,0,0,0,0,0,0,0,0,0,0,0,0,0,0,0,0,0,0,0,0,0,0,0,0,0,0