name,pg_base_adv_dr_compute_points,pg_base_adv_dr_cloud_servers,pg_base_adv_dr_storage,pg_base_adv_dr_public_ips,pg_base_storage,pg_base_workstations,pg_base_servers,pg_base_vms,pg_base_mobiles,pg_base_m365_seats,pg_base_websites,pg_base_gworkspace_seats,pg_base_web_hosting_servers,pg_base_m365_sharepoint_sites,pg_base_m365_teams,pg_pack_adv_backup_workstations,pg_pack_adv_backup_servers,pg_pack_adv_backup_vms,pg_pack_adv_backup_web_hosting_servers,pg_pack_adv_management,pg_pack_adv_security,pg_base_secondary_workstations,pg_base_secondary_servers,pg_base_secondary_vms,pg_base_secondary_web_hosting_servers,pg_base_secondary_m365_seats_shared
Alpha Group,0,0,0,0,0,0,0,0,0,0,0,0,0,0,0,0,0,0,0,0,0,0,0,0,0,0
Bidvest,0,0,0,0,0,0,0,0,0,0,0,0,0,0,0,0,0,0,0,0,0,0,0,0,0,0
Kimfay Ltd,0,0,0,0,51.5738639831543,0,0,1,0,0,0,0,0,0,0,0,0,0,0,0,0,0,0,0,0,0
Magtech One-Time ,0,0,0,0,0,0,0,0,0,0,0,0,0,0,0,0,0,0,0,0,0,0,0,0,0,0
Magtech Subscriber ,0,0,0,0,0,0,0,0,0,0,0,0,0,0,0,1,0,0,0,1,1,1,0,0,0,0
Magtech Subscribers,0,0,0,0,0,0,0,0,0,0,0,0,0,0,0,0,0,0,0,0,0,0,0,0,0,0
Magtech Tech Account ,0,0,0,0,0,2,0,0,0,0,0,0,0,0,0,2,0,0,0,2,2,0,0,0,0,0
Meru County,0,0,0,0,0,0,0,0,0,0,0,0,0,0,0,0,0,0,0,0,0,0,0,0,0,0
Meru Cyber ,0,0,0,0,0,0,0,0,0,0,0,0,0,0,0,0,0,0,0,0,0,0,0,0,0,0
Nolan Credit,0,0,0,0,0,0,0,0,0,0,0,0,0,0,0,0,0,0,0,0,0,0,0,0,0,0
Preferred Personel,0,0,0,0,0,0,0,0,0,0,0,0,0,0,0,0,0,0,0,10,10,9,1,0,0,0
Riggs Kindergarten,0,0,0,0,0,0,0,0,0,0,0,0,0,0,0,0,0,0,0,0,0,0,0,0,0,0
Thika Institute of Business Studies ,0,0,0,0,0,0,0,0,0,0,0,0,0,0,0,0,0,0,0,0,0,0,0,0,0,0
Thika Institute of Business Studies (TIBS),0,0,0,0,35.605594635009766,1,0,0,0,0,0,0,0,0,0,0,0,0,0,0,0,69,0,0,0,0
Tredds ,0,0,0,0,47.2166748046875,0,0,0,0,0,0,0,0,0,0,0,0,0,0,0,3,3,0,0,0,0