name,local_storage,amazon_s3_storage,azure_storage,s3_compatible_storage,total_appliance_compute_points,total_appliance_dr_cloud_servers,total_appliance_dr_storage,total_appliance_public_ips,total_appliance_storage,total_protected_workloads,total_storage,fc_total_storage,hci_total_cifs_storage,hci_total_compute_points,hci_total_iscsi_storage,hci_total_nfs_storage,hci_total_s3_storage,hci_total_storage,hci_total_vm_provisioned_cpu,hci_total_vm_provisioned_ram,hci_total_vm_storage,hci_total_vtl_storage,omnivoice_minutes,omnivoice_sms,support_portal_customers_using,support_portal_partners_using,vm_storage,workstation_storage
Alpha Group,0,0,0,0,0,0,0,0,0,0,0,0,0,0,0,0,0,0,0,0,0,0,0,0,0,0,0,0
Bidvest,0,0,0,0,0,0,0,0,0,0,0,0,0,0,0,0,0,0,0,0,0,0,0,0,0,0,0,0
Kimfay Ltd,0,0,0,0,0,0,0,0,0,1,51.5738639831543,0,0,0,0,0,0,0,0,0,0,0,0,0,0,0,51.5738639831543,0
Magtech One-Time ,0,0,0,0,0,0,0,0,0,0,0,0,0,0,0,0,0,0,0,0,0,0,0,0,0,0,0,0
Magtech Subscriber ,0,0,0,0,0,0,0,0,0,1,0,0,0,0,0,0,0,0,0,0,0,0,0,0,0,0,0,0
Magtech Subscribers,0,0,0,0,0,0,0,0,0,0,0,0,0,0,0,0,0,0,0,0,0,0,0,0,0,0,0,0
Magtech Tech Account ,0,0,0,0,0,0,0,0,0,2,27.193653106689453,0,0,0,0,0,0,0,0,0,0,0,0,0,0,0,0,27.193653106689453
Meru County,0,0,0,0,0,0,0,0,0,0,0,0,0,0,0,0,0,0,0,0,0,0,0,0,0,0,0,0
Meru Cyber ,0,0,0,0,0,0,0,0,0,0,0,0,0,0,0,0,0,0,0,0,0,0,0,0,0,0,0,0
Nolan Credit,0,0,0,0,0,0,0,0,0,0,0,0,0,0,0,0,0,0,0,0,0,0,0,0,0,0,0,0
Preferred Personel,0,0,0,0,0,0,0,0,0,10,0,0,0,0,0,0,0,0,0,0,0,0,0,0,0,0,0,0
Riggs Kindergarten,0,0,0,0,0,0,0,0,0,0,0,0,0,0,0,0,0,0,0,0,0,0,0,0,0,0,0,0
Thika Institute of Business Studies ,0,0,0,0,0,0,0,0,0,0,0,0,0,0,0,0,0,0,0,0,0,0,0,0,0,0,0,0
Thika Institute of Business Studies (TIBS),0,0,0,0,0,0,0,0,0,70,35.605594635009766,0,0,0,0,0,0,0,0,0,0,0,0,0,0,0,0,35.605594635009766
Tredds ,0,0,0,0,0,0,0,0,0,3,47.2166748046875,0,0,0,0,0,0,0,0,0,0,0,0,0,0,0,0,47.2166748046875