name,local_storage,amazon_s3_storage,azure_storage,s3_compatible_storage,total_appliance_compute_points,total_appliance_dr_cloud_servers,total_appliance_dr_storage,total_appliance_public_ips,total_appliance_storage,total_protected_workloads,total_storage,fc_total_storage,hci_total_cifs_storage,hci_total_compute_points,hci_total_iscsi_storage,hci_total_nfs_storage,hci_total_s3_storage,hci_total_storage,hci_total_vm_provisioned_cpu,hci_total_vm_provisioned_ram,hci_total_vm_storage,hci_total_vtl_storage,omnivoice_minutes,omnivoice_sms,support_portal_customers_using,support_portal_partners_using,mailbox_storage,protected_mailbox_storage,unprotected_mailbox_storage
BMC,0,0,0,0,0,0,0,0,0,0,0,0,0,0,0,0,0,0,0,0,0,0,0,0,0,0,0,0,0
Chartered House,0,0,0,0,0,0,0,0,0,0,0,0,0,0,0,0,0,0,0,0,0,0,0,0,0,0,0,0,0
Climate Control,0,0,0,0,0,0,0,0,0,0,0,0,0,0,0,0,0,0,0,0,0,0,0,0,0,0,0,0,0
Diar Consult,0,0,0,0,0,0,0,0,0,0,0,0,0,0,0,0,0,0,0,0,0,0,0,0,0,0,0,0,0
Sweid & Sweid,0,0,0,0,0,0,0,0,0,46,542.3116645812988,0,0,0,0,0,0,0,0,0,0,0,0,0,0,0,542.3116645812988,542.3114776611328,0.000186920166015625
Tijan Engineering Group,0,0,0,0,0,0,0,0,0,0,0,0,0,0,0,0,0,0,0,0,0,0,0,0,0,0,0,0,0