name,pw_base_adv_dr_compute_points,pw_base_adv_dr_cloud_servers,pw_base_adv_dr_storage,pw_base_adv_dr_public_ips,pw_base_storage,pw_base_workstations,pw_base_servers,pw_base_vms,pw_base_mobiles,pw_base_m365_seats,pw_base_websites,pw_base_gworkspace_seats,pw_base_web_hosting_servers,pw_base_m365_sharepoint_sites,pw_base_m365_teams,pw_pack_adv_backup_workstations,pw_pack_adv_backup_servers,pw_pack_adv_backup_vms,pw_pack_adv_backup_web_hosting_servers,pw_pack_adv_management,pw_pack_adv_security,pw_base_secondary_workstations,pw_base_secondary_servers,pw_base_secondary_vms,pw_base_secondary_web_hosting_servers,pw_pack_adv_security_edr_d180,pw_pack_adv_dlp,pw_base_secondary_m365_seats_shared
BMC,0,0,0,0,0,0,0,0,0,0,0,0,0,0,0,0,0,0,0,0,0,0,0,0,0,0,0,0
Chartered House,0,0,0,0,0,0,0,0,0,0,0,0,0,0,0,0,0,0,0,0,0,0,0,0,0,0,0,0
Climate Control,0,0,0,0,0,0,0,0,0,0,0,0,0,0,0,0,0,0,0,0,0,0,0,0,0,0,0,0
Diar Consult,0,0,0,0,0,0,0,0,0,0,0,0,0,0,0,0,0,0,0,0,0,0,0,0,0,0,0,0
Sweid & Sweid,0,0,0,0,0,0,0,0,0,46,0,0,0,0,0,0,0,0,0,0,0,0,0,0,0,0,0,0
Tijan Engineering Group,0,0,0,0,0,0,0,0,0,0,0,0,0,0,0,0,0,0,0,0,0,0,0,0,0,0,0,0