name,local_storage,amazon_s3_storage,azure_storage,s3_compatible_storage,total_appliance_compute_points,total_appliance_dr_cloud_servers,total_appliance_dr_storage,total_appliance_public_ips,total_appliance_storage,total_protected_workloads,total_storage,fc_total_storage,hci_total_cifs_storage,hci_total_compute_points,hci_total_iscsi_storage,hci_total_nfs_storage,hci_total_s3_storage,hci_total_storage,hci_total_vm_provisioned_cpu,hci_total_vm_provisioned_ram,hci_total_vm_storage,hci_total_vtl_storage,omnivoice_minutes,omnivoice_sms,support_portal_customers_using,support_portal_partners_using,vm_storage,mailbox_storage,onedrive_storage,site_collection_storage,o365_teams_storage,protected_mailbox_storage,protected_one_drive_storage,protected_site_collection_storage,protected_o365_teams_storage,workstation_storage,unprotected_mailbox_storage
ADSO LLC,16941.38897705078,0,0,0,0,0,0,0,0,24,1471.1423225402832,0,0,0,0,0,0,0,0,0,0,0,0,0,0,0,1471.1423225402832,0,0,0,0,0,0,0,0,0,0
Bosco,0,0,0,0,0,0,0,0,0,0,0,0,0,0,0,0,0,0,0,0,0,0,0,0,0,0,0,0,0,0,0,0,0,0,0,0,0
British Neurology Psychiatry Center,0,0,0,0,0,0,0,0,0,0,0,0,0,0,0,0,0,0,0,0,0,0,0,0,0,0,0,0,0,0,0,0,0,0,0,0,0
drwalaafakhr,0,0,0,0,0,0,0,0,0,7,0,0,0,0,0,0,0,0,0,0,0,0,0,0,0,0,0,0,0,0,0,0,0,0,0,0,0
Eastman,5343.323532104492,0,0,0,0,0,0,0,0,11,0,0,0,0,0,0,0,0,0,0,0,0,0,0,0,0,0,0,0,0,0,0,0,0,0,0,0
Eng Unit,0,0,0,0,0,0,0,0,0,24,0,0,0,0,0,0,0,0,0,0,0,0,0,0,0,0,0,0,0,0,0,0,0,0,0,0,0
Morgan,0,0,0,0,0,0,0,0,0,29,0,0,0,0,0,0,0,0,0,0,0,0,0,0,0,0,0,0,0,0,0,0,0,0,0,0,0
SWPC,0,0,0,0,0,0,0,0,0,19,481.6365509033203,0,0,0,0,0,0,0,0,0,0,0,0,0,0,0,0,341.1050834655762,87.6125259399414,0.04106903076171875,52.877872467041016,341.1050834655762,87.6125259399414,0.04106903076171875,52.877872467041016,0,0
Via Medica International,2246.4715843200684,0,0,0,0,0,0,0,0,81,334.0705032348633,0,0,0,0,0,0,0,0,0,0,0,0,0,0,0,0,73.68932342529297,0,0,0,0,0,0,0,260.3811798095703,73.68932342529297