name,pw_base_storage,pw_base_adv_dr_storage,pw_base_adv_dr_public_ips,pw_base_adv_dr_compute_points,pw_base_adv_dr_cloud_servers,pw_base_workstations,pw_base_servers,pw_base_vms,pw_base_mobiles,pw_base_m365_seats,pw_base_websites,pw_base_gworkspace_seats,pw_base_web_hosting_servers,pw_base_m365_sharepoint_sites,pw_base_m365_teams,pw_pack_adv_backup_workstations,pw_pack_adv_backup_servers,pw_pack_adv_backup_vms,pw_pack_adv_management,pw_pack_adv_security,pw_base_secondary_workstations,pw_base_secondary_servers,pw_base_secondary_vms,pw_base_secondary_web_hosting_servers,pw_pack_adv_security_edr_d180,pw_pack_adv_dlp,pw_base_secondary_m365_seats_shared
ADSO LLC,1471.1423225402832,0,0,0,0,24,0,0,0,0,0,0,0,0,0,0,0,0,19,0,0,0,0,0,0,0,0
Bosco,0,0,0,0,0,0,0,0,0,0,0,0,0,0,0,0,0,0,0,0,0,0,0,0,0,0,0
British Neurology Psychiatry Center,0,0,0,0,0,0,0,0,0,0,0,0,0,0,0,0,0,0,0,0,0,0,0,0,0,0,0
drwalaafakhr,0,0,0,0,0,0,0,0,0,0,0,0,0,0,0,0,0,0,0,7,5,2,0,0,0,0,0
Eastman,0,0,0,0,0,11,0,0,0,0,0,0,0,0,0,0,0,0,0,0,0,0,0,0,0,0,0
Eng Unit,0,0,0,0,0,0,0,0,0,0,0,0,0,0,0,0,0,0,24,24,21,3,0,0,0,0,0
Morgan,0,0,0,0,0,1,0,0,0,0,0,0,0,0,0,0,0,0,28,28,25,0,3,0,0,0,0
SWPC,481.6365509033203,0,0,0,0,0,0,0,0,16,0,0,0,1,1,0,0,0,0,0,0,0,0,0,0,0,1
Via Medica International,334.0705032348633,0,0,0,0,6,0,0,0,0,0,0,0,0,0,6,0,0,79,80,69,1,5,0,0,0,0