name,local_storage,amazon_s3_storage,azure_storage,s3_compatible_storage,total_appliance_compute_points,total_appliance_dr_cloud_servers,total_appliance_dr_storage,total_appliance_public_ips,total_appliance_storage,total_protected_workloads,total_storage,fc_total_storage,hci_total_cifs_storage,hci_total_compute_points,hci_total_iscsi_storage,hci_total_nfs_storage,hci_total_s3_storage,hci_total_storage,hci_total_vm_provisioned_cpu,hci_total_vm_provisioned_ram,hci_total_vm_storage,hci_total_vtl_storage,omnivoice_minutes,omnivoice_sms,support_portal_customers_using,support_portal_partners_using,server_storage,workstation_storage
Rimas1 Jewellery,1113.307144165039,0,0,0,0,0,0,0,0,1,220.2260284423828,0,0,0,0,0,0,0,0,0,0,0,0,0,0,0,220.2260284423828,0
Rozan Jewellery L.L.C.,742.2497482299805,0,0,0,0,0,0,0,0,3,370.8704643249512,0,0,0,0,0,0,0,0,0,0,0,0,0,0,0,0,370.8704643249512
Tibesty Jewellery LLC,378.91867446899414,0,0,0,0,0,0,0,0,1,106.63758087158203,0,0,0,0,0,0,0,0,0,0,0,0,0,0,0,106.63758087158203,0
VIjaya Jewellery LLC,1688.2163047790527,0,0,0,0,0,0,0,0,3,127.49066162109375,0,0,0,0,0,0,0,0,0,0,0,0,0,0,0,127.49066162109375,0
Yasin Jewellery (L.L.C.),4996.552627563477,0,0,0,0,0,0,0,0,4,117.02729797363281,0,0,0,0,0,0,0,0,0,0,0,0,0,0,0,117.02729797363281,0